[
	{
		"inputs": [
			{
				"internalType": "address",
				"name": "_nftContractAddress",
				"type": "address"
			},
			{
				"internalType": "address",
				"name": "_devWallet",
				"type": "address"
			}
		],
		"stateMutability": "nonpayable",
		"type": "constructor"
	},
	{
		"anonymous": false,
		"inputs": [
			{
				"indexed": false,
				"internalType": "uint256",
				"name": "_productIds",
				"type": "uint256"
			},
			{
				"indexed": false,
				"internalType": "uint256",
				"name": "_amount",
				"type": "uint256"
			},
			{
				"indexed": false,
				"internalType": "address",
				"name": "_tokenAddress",
				"type": "address"
			}
		],
		"name": "BuyProduct",
		"type": "event"
	},
	{
		"anonymous": false,
		"inputs": [
			{
				"indexed": true,
				"internalType": "address",
				"name": "previousOwner",
				"type": "address"
			},
			{
				"indexed": true,
				"internalType": "address",
				"name": "newOwner",
				"type": "address"
			}
		],
		"name": "OwnershipTransferred",
		"type": "event"
	},
	{
		"anonymous": false,
		"inputs": [
			{
				"indexed": false,
				"internalType": "address",
				"name": "tokenAddress",
				"type": "address"
			},
			{
				"indexed": false,
				"internalType": "string",
				"name": "uri",
				"type": "string"
			},
			{
				"indexed": false,
				"internalType": "uint256",
				"name": "amount",
				"type": "uint256"
			}
		],
		"name": "SaleProduct",
		"type": "event"
	},
	{
		"inputs": [
			{
				"internalType": "uint256",
				"name": "_productIds",
				"type": "uint256"
			},
			{
				"internalType": "uint256",
				"name": "_amount",
				"type": "uint256"
			},
			{
				"internalType": "address",
				"name": "_tokenAddress",
				"type": "address"
			}
		],
		"name": "buyDigitalProduct",
		"outputs": [],
		"stateMutability": "nonpayable",
		"type": "function"
	},
	{
		"inputs": [
			{
				"internalType": "uint256",
				"name": "_productIds",
				"type": "uint256"
			}
		],
		"name": "getProductDetails",
		"outputs": [
			{
				"components": [
					{
						"internalType": "address",
						"name": "tokenAddress",
						"type": "address"
					},
					{
						"internalType": "string",
						"name": "uri",
						"type": "string"
					},
					{
						"internalType": "uint256",
						"name": "amount",
						"type": "uint256"
					},
					{
						"internalType": "bool",
						"name": "saleStatus",
						"type": "bool"
					}
				],
				"internalType": "struct DigitalProductSale.Product",
				"name": "",
				"type": "tuple"
			}
		],
		"stateMutability": "view",
		"type": "function"
	},
	{
		"inputs": [],
		"name": "owner",
		"outputs": [
			{
				"internalType": "address",
				"name": "",
				"type": "address"
			}
		],
		"stateMutability": "view",
		"type": "function"
	},
	{
		"inputs": [],
		"name": "renounceOwnership",
		"outputs": [],
		"stateMutability": "nonpayable",
		"type": "function"
	},
	{
		"inputs": [
			{
				"internalType": "address",
				"name": "_tokenAddress",
				"type": "address"
			},
			{
				"internalType": "string",
				"name": "_uri",
				"type": "string"
			},
			{
				"internalType": "uint256",
				"name": "_amount",
				"type": "uint256"
			}
		],
		"name": "saleDigitalProduct",
		"outputs": [],
		"stateMutability": "nonpayable",
		"type": "function"
	},
	{
		"inputs": [
			{
				"internalType": "uint256",
				"name": "_productIds",
				"type": "uint256"
			}
		],
		"name": "saleExist",
		"outputs": [
			{
				"internalType": "bool",
				"name": "",
				"type": "bool"
			}
		],
		"stateMutability": "view",
		"type": "function"
	},
	{
		"inputs": [
			{
				"internalType": "address",
				"name": "newOwner",
				"type": "address"
			}
		],
		"name": "transferOwnership",
		"outputs": [],
		"stateMutability": "nonpayable",
		"type": "function"
	}
]